Tarkasteluhetki;22.10.2025;;;;;;;;
;;;;;;;;;
Lyhyttunnus;Prioriteetti;Hastus-paikka;Nimi (suomi);Nimi (ruotsi);Pituusaste;Leveysaste;Alkaa;Päättyy;
E2E009;Perusversio;1AACKT;Annankatu 15;Annasgatan 15;24.93877038021971;60.1653765292378;20.3.2020;;
E2E001;Perusversio;1AACKT;Annankatu 15;Annasgatan 15;24.9390091244705;60.16551299383615;20.3.2020;;
E2E003;Perusversio;1AURLA;Kalevankatu 32;;24.93286261070354;60.165644561954316;20.3.2020;;
E2E006;Perusversio;1AURLA;Kalevankatu 32;;24.93296734706376;60.16543343120806;20.3.2020;;
E2E002;Perusversio;;Annankatu 20;Annasgatan 20;24.937610671343663;60.16648629862467;20.3.2020;;
E2E004;Perusversio;;Albertinkatu 38;Albertsgatan 38;24.932290135584754;60.16486923767877;20.3.2020;;
E2E005;Perusversio;1EIRA;Lönnrotinkatu 32;;24.9314028056389;60.163980768982995;20.3.2020;;
E2E007;Perusversio;;Kalevankatu 18;;24.9314028056389;60.163980768982995;20.3.2020;;
E2E008;Perusversio;;Kuttulammentie;;24.9314028056389;60.163980768982995;20.3.2020;;
